{"update_count": 2144, "detector_weights": {"knn": 0.45777326206495955, "cluster": 0.0, "lof": 0.0, "iforest": 0.0, "reconstruction": 0.5422267459346843}, "score_stats": {"knn": {"min": 0.0, "max": 0.9067164179104478, "mean": 0.31384110035819573, "std": 0.1836138848187541}, "cluster": {"min": 0.0, "max": 0.0, "mean": 0.0, "std": 0.0}, "lof": {"min": 0.0, "max": 0.0, "mean": 0.0, "std": 0.0}, "iforest": {"min": 0.0, "max": 0.0, "mean": 0.0, "std": 0.0}, "reconstruction": {"min": 0.0, "max": 1.0, "mean": 0.11204987354472336, "std": 0.2035372621560497}}}