{"update_count": 20, "detector_weights": {"knn": 0.9999998807907104, "cluster": 0.0, "lof": 0.0, "iforest": 0.0, "reconstruction": 1.0070734646205892e-07}, "score_stats": {"knn": {"min": 0.3218819826841354, "max": 1.0, "mean": 0.7052647903561592, "std": 0.21762091256678104}, "cluster": {"min": 0.0, "max": 0.0, "mean": 0.0, "std": 0.0}, "lof": {"min": 0.0, "max": 0.0, "mean": 0.0, "std": 0.0}, "iforest": {"min": 0.0, "max": 0.0, "mean": 0.0, "std": 0.0}, "reconstruction": {"min": 1.2678649486019822e-05, "max": 0.0003439045511186123, "mean": 9.671533553046174e-05, "std": 6.413755272660637e-05}}}