{"method": "iforest", "n_neighbors": 5, "n_clusters": 10, "fit_memory_size": 10000, "feature_dim": 256, "is_fitted": true, "score_stats": {"min": -0.1247358367734348, "max": 0.05264909154191344, "sum": -35.22496214891623, "count": 512}}