{"method": "lof", "n_neighbors": 20, "n_clusters": 10, "fit_memory_size": 10000, "feature_dim": 256, "is_fitted": true, "score_stats": {"min": -0.5214794278144836, "max": 0.3239504098892212, "sum": -182.20889282226562, "count": 512}}